{
  "mtsamples_gnn_g128_both_cv": {
    "test/loss": {
      "mean": 0.6788334727287293,
      "std": 0.10590273594709156,
      "n": 10
    },
    "test/acc": {
      "mean": 0.7859550476074219,
      "std": 0.02847488286830263,
      "n": 10
    },
    "test/auprc": {
      "mean": 0.8381255269050598,
      "std": 0.02590725929988043,
      "n": 10
    },
    "test/auroc": {
      "mean": 0.9749873340129852,
      "std": 0.0046980429944499845,
      "n": 10
    },
    "test/bal_acc": {
      "mean": 0.7381931066513061,
      "std": 0.03363913136961418,
      "n": 10
    },
    "test/f1_macro": {
      "mean": 0.7359098613262176,
      "std": 0.0336839086278844,
      "n": 10
    },
    "test/mcc": {
      "mean": 0.748086816072464,
      "std": 0.03174805749558802,
      "n": 10
    }
  },
  "mtsamples_gnn_g128_knn_cv": {
    "test/loss": {
      "mean": 0.6973009169101715,
      "std": 0.1487186137609723,
      "n": 10
    },
    "test/acc": {
      "mean": 0.7943820118904114,
      "std": 0.06277067143189055,
      "n": 10
    },
    "test/auprc": {
      "mean": 0.8395638763904572,
      "std": 0.04423606392603097,
      "n": 10
    },
    "test/auroc": {
      "mean": 0.9724291503429413,
      "std": 0.008295965674519628,
      "n": 10
    },
    "test/bal_acc": {
      "mean": 0.757544869184494,
      "std": 0.052111059671359386,
      "n": 10
    },
    "test/f1_macro": {
      "mean": 0.7514944791793823,
      "std": 0.061164874860645,
      "n": 10
    },
    "test/mcc": {
      "mean": 0.7580720603466033,
      "std": 0.07222281812728354,
      "n": 10
    }
  },
  "mtsamples_gnn_g64_both_cv": {
    "test/loss": {
      "mean": 0.7279310822486877,
      "std": 0.20961431343075784,
      "n": 10
    },
    "test/acc": {
      "mean": 0.7786516785621643,
      "std": 0.03483145236968994,
      "n": 10
    },
    "test/auprc": {
      "mean": 0.8176853775978088,
      "std": 0.03615960221244981,
      "n": 10
    },
    "test/auroc": {
      "mean": 0.9700380861759186,
      "std": 0.006449531451279215,
      "n": 10
    },
    "test/bal_acc": {
      "mean": 0.7481175482273101,
      "std": 0.03892204258224915,
      "n": 10
    },
    "test/f1_macro": {
      "mean": 0.7349356830120086,
      "std": 0.037802487544450196,
      "n": 10
    },
    "test/mcc": {
      "mean": 0.7394628822803497,
      "std": 0.04018725388498928,
      "n": 10
    }
  },
  "mtsamples_gnn_g64_knn_cv": {
    "test/loss": {
      "mean": 0.7019379556179046,
      "std": 0.1365855996019611,
      "n": 10
    },
    "test/acc": {
      "mean": 0.7865168452262878,
      "std": 0.03793694155318037,
      "n": 10
    },
    "test/auprc": {
      "mean": 0.8347725749015809,
      "std": 0.03496901677298298,
      "n": 10
    },
    "test/auroc": {
      "mean": 0.9733949959278106,
      "std": 0.00609974726411522,
      "n": 10
    },
    "test/bal_acc": {
      "mean": 0.7465308606624603,
      "std": 0.03215609776152663,
      "n": 10
    },
    "test/f1_macro": {
      "mean": 0.7440654635429382,
      "std": 0.04257145675572812,
      "n": 10
    },
    "test/mcc": {
      "mean": 0.7482929706573487,
      "std": 0.04349768007695954,
      "n": 10
    }
  }
}