{
  "imcs21_gnn_g128_both_cv": {
    "test/loss": {
      "mean": 1.1262502551078797,
      "std": 0.0903384785287941,
      "n": 10
    },
    "test/acc": {
      "mean": 0.6151515245437622,
      "std": 0.016712965618250787,
      "n": 10
    },
    "test/auprc": {
      "mean": 0.6706224024295807,
      "std": 0.012730783513256051,
      "n": 10
    },
    "test/auroc": {
      "mean": 0.9313531816005707,
      "std": 0.002961613646142957,
      "n": 10
    },
    "test/bal_acc": {
      "mean": 0.6244429290294647,
      "std": 0.01445432348990583,
      "n": 10
    },
    "test/f1_macro": {
      "mean": 0.6247419536113739,
      "std": 0.01647626532973831,
      "n": 10
    },
    "test/mcc": {
      "mean": 0.5699509441852569,
      "std": 0.017658647661137585,
      "n": 10
    }
  },
  "imcs21_gnn_g128_knn_cv": {
    "test/loss": {
      "mean": 1.1249547600746155,
      "std": 0.12344957723240378,
      "n": 10
    },
    "test/acc": {
      "mean": 0.6082934558391571,
      "std": 0.024147806438166514,
      "n": 10
    },
    "test/auprc": {
      "mean": 0.6686675131320954,
      "std": 0.021389460518452363,
      "n": 10
    },
    "test/auroc": {
      "mean": 0.9313273549079895,
      "std": 0.005715318838531334,
      "n": 10
    },
    "test/bal_acc": {
      "mean": 0.6214964330196381,
      "std": 0.023428284476705724,
      "n": 10
    },
    "test/f1_macro": {
      "mean": 0.6150452077388764,
      "std": 0.025081977484478775,
      "n": 10
    },
    "test/mcc": {
      "mean": 0.5631161093711853,
      "std": 0.02685524223138169,
      "n": 10
    }
  },
  "imcs21_gnn_g64_both_cv": {
    "test/loss": {
      "mean": 1.2443663716316222,
      "std": 0.17727417682953373,
      "n": 10
    },
    "test/acc": {
      "mean": 0.6081339716911316,
      "std": 0.01569251827234103,
      "n": 10
    },
    "test/auprc": {
      "mean": 0.667612099647522,
      "std": 0.011903017911064628,
      "n": 10
    },
    "test/auroc": {
      "mean": 0.9299298524856567,
      "std": 0.001955247055852042,
      "n": 10
    },
    "test/bal_acc": {
      "mean": 0.6180978894233704,
      "std": 0.01181863791914538,
      "n": 10
    },
    "test/f1_macro": {
      "mean": 0.6168339431285859,
      "std": 0.01693391097432614,
      "n": 10
    },
    "test/mcc": {
      "mean": 0.5622691214084625,
      "std": 0.016387535528587457,
      "n": 10
    }
  },
  "imcs21_gnn_g64_knn_cv": {
    "test/loss": {
      "mean": 1.196315622329712,
      "std": 0.11329229326432437,
      "n": 10
    },
    "test/acc": {
      "mean": 0.5984050989151001,
      "std": 0.020070358817953427,
      "n": 10
    },
    "test/auprc": {
      "mean": 0.6579548120498657,
      "std": 0.01730512644878081,
      "n": 10
    },
    "test/auroc": {
      "mean": 0.9280464708805084,
      "std": 0.003624251348402598,
      "n": 10
    },
    "test/bal_acc": {
      "mean": 0.6087559401988983,
      "std": 0.01766587023565122,
      "n": 10
    },
    "test/f1_macro": {
      "mean": 0.6009950637817383,
      "std": 0.016580302307074475,
      "n": 10
    },
    "test/mcc": {
      "mean": 0.551794558763504,
      "std": 0.022213272658612823,
      "n": 10
    }
  }
}