{
  "daic_gnn_g128_both_cv": {
    "test/loss": {
      "mean": 1.0136341214179994,
      "std": 0.0644760423546258,
      "n": 10
    },
    "test/acc": {
      "mean": 0.6827586174011231,
      "std": 0.06686454443648544,
      "n": 10
    },
    "test/auprc": {
      "mean": 0.5815132886171341,
      "std": 0.11658512481231481,
      "n": 10
    },
    "test/auroc": {
      "mean": 0.6422222435474396,
      "std": 0.11491274983677993,
      "n": 10
    },
    "test/bal_acc": {
      "mean": 0.3555555656552315,
      "std": 0.20367003890778626,
      "n": 10
    },
    "test/f1": {
      "mean": 0.37011375427246096,
      "std": 0.2005156838206785,
      "n": 10
    },
    "test/mcc": {
      "mean": 0.23628343790769576,
      "std": 0.12919737429555034,
      "n": 10
    }
  },
  "daic_gnn_g128_knn_cv": {
    "test/loss": {
      "mean": 0.9836717784404755,
      "std": 0.0949571750082482,
      "n": 10
    },
    "test/acc": {
      "mean": 0.6379310309886932,
      "std": 0.14070486977470878,
      "n": 10
    },
    "test/auprc": {
      "mean": 0.5340031504631042,
      "std": 0.15135262241669475,
      "n": 10
    },
    "test/auroc": {
      "mean": 0.6038889080286026,
      "std": 0.1550000084450614,
      "n": 10
    },
    "test/bal_acc": {
      "mean": 0.3666666731238365,
      "std": 0.3335184692193315,
      "n": 10
    },
    "test/f1": {
      "mean": 0.317710830271244,
      "std": 0.21769795939179437,
      "n": 10
    },
    "test/mcc": {
      "mean": 0.15854505337774755,
      "std": 0.20481461548269483,
      "n": 10
    }
  },
  "daic_gnn_g64_both_cv": {
    "test/loss": {
      "mean": 0.9832816660404206,
      "std": 0.11310865877089965,
      "n": 10
    },
    "test/acc": {
      "mean": 0.6034482717514038,
      "std": 0.11668224024362041,
      "n": 10
    },
    "test/auprc": {
      "mean": 0.5560403794050217,
      "std": 0.16067850553399307,
      "n": 10
    },
    "test/auroc": {
      "mean": 0.6605555713176727,
      "std": 0.1192944787543883,
      "n": 10
    },
    "test/bal_acc": {
      "mean": 0.5222222283482552,
      "std": 0.3653173838412045,
      "n": 10
    },
    "test/f1": {
      "mean": 0.38363105356693267,
      "std": 0.21499366775834033,
      "n": 10
    },
    "test/mcc": {
      "mean": 0.1672485776245594,
      "std": 0.22329633041047758,
      "n": 10
    }
  },
  "daic_gnn_g64_knn_cv": {
    "test/loss": {
      "mean": 1.0837784588336945,
      "std": 0.28251179665012405,
      "n": 10
    },
    "test/acc": {
      "mean": 0.658620685338974,
      "std": 0.08509629651344962,
      "n": 10
    },
    "test/auprc": {
      "mean": 0.6059668302536011,
      "std": 0.1408102750118103,
      "n": 10
    },
    "test/auroc": {
      "mean": 0.6983333349227905,
      "std": 0.10024813695500198,
      "n": 10
    },
    "test/bal_acc": {
      "mean": 0.5555555701255799,
      "std": 0.17213259252353055,
      "n": 10
    },
    "test/f1": {
      "mean": 0.5005581974983215,
      "std": 0.06700032503058895,
      "n": 10
    },
    "test/mcc": {
      "mean": 0.27438547983765604,
      "std": 0.1337338473053484,
      "n": 10
    }
  }
}