{
  "ecthr_gnn_g512_both": {
    "test/loss": {
      "mean": 1.0022425889968871,
      "std": 0.08296747841467235,
      "n": 5
    },
    "test/auprc": {
      "mean": 0.5381768465042114,
      "std": 0.024980581734412595,
      "n": 5
    },
    "test/auroc": {
      "mean": 0.9029187440872193,
      "std": 0.010079523526078635,
      "n": 5
    },
    "test/f1_macro": {
      "mean": 0.4767034113407135,
      "std": 0.01652265053675917,
      "n": 5
    },
    "test/f1_micro": {
      "mean": 0.523666900396347,
      "std": 0.030822615295030307,
      "n": 5
    }
  },
  "ecthr_gnn_g512_knn": {
    "test/loss": {
      "mean": 1.0255052208900453,
      "std": 0.08888269290319074,
      "n": 5
    },
    "test/auprc": {
      "mean": 0.5526258707046509,
      "std": 0.02353628674282321,
      "n": 5
    },
    "test/auroc": {
      "mean": 0.9061622500419617,
      "std": 0.004768003511736903,
      "n": 5
    },
    "test/f1_macro": {
      "mean": 0.49317980408668516,
      "std": 0.011493917170958198,
      "n": 5
    },
    "test/f1_micro": {
      "mean": 0.5452663779258728,
      "std": 0.010395273509325077,
      "n": 5
    }
  }
}